{"cameraMode":{"drawMode":0,"name":"Shaded","section":"Shading Mode"},"sceneLighting":true,"audioPlay":false,"sceneViewState":{"m_AlwaysRefresh":false,"showFog":true,"showSkybox":true,"showFlares":true,"showImageEffects":true,"showParticleSystems":true,"showVisualEffectGraphs":true,"m_FxEnabled":true},"in2DMode":false,"pivot":{"x":15.479001998901368,"y":4.337841987609863,"z":5.260649681091309},"rotation":{"x":0.3959728479385376,"y":0.060316313058137897,"z":-0.02587045542895794,"w":0.9160369634628296},"size":9.116390228271485,"orthographic":false}