{"cameraMode":{"drawMode":0,"name":"Shaded","section":"Shading Mode"},"sceneLighting":true,"audioPlay":false,"sceneViewState":{"m_AlwaysRefresh":false,"showFog":true,"showSkybox":true,"showFlares":true,"showImageEffects":true,"showParticleSystems":true,"showVisualEffectGraphs":true,"m_FxEnabled":true},"in2DMode":false,"pivot":{"x":-100.54576873779297,"y":-11.451577186584473,"z":159.46572875976563},"rotation":{"x":-0.045528944581747058,"y":0.12760934233665467,"z":-0.005793054588139057,"w":-0.9908479452133179},"size":100.25758361816406,"orthographic":false}