{"cameraMode":{"drawMode":0,"name":"Shaded","section":"Shading Mode"},"sceneLighting":false,"audioPlay":false,"sceneViewState":{"m_AlwaysRefresh":false,"showFog":true,"showSkybox":false,"showFlares":true,"showImageEffects":true,"showParticleSystems":true,"showVisualEffectGraphs":true,"m_FxEnabled":false},"in2DMode":false,"pivot":{"x":3.834885597229004,"y":-12.047117233276368,"z":11.753467559814454},"rotation":{"x":-0.4537762999534607,"y":-0.04481148347258568,"z":0.023429252207279207,"w":-0.8898715376853943},"size":17.640058517456056,"orthographic":false}